observed_at,provider,gpu_model,region,price_usd_per_gpu_hour,available,source,mode,fingerprint
2026-06-19T13:32:05.029454+00:00,vast,mixed,global,3.536,True,vast_live_api,live,24a1f878a2408d62
2026-06-19T13:32:05.836841+00:00,runpod,mixed,global,0.48,True,runpod_live_api,live,7d80e0c18c6aa0e7
2026-06-19T13:32:05.836940+00:00,coreweave,H100,us,2.75,True,unknown,demo,f25fbcc3b6ecec94
2026-06-19T13:32:06.361253+00:00,nebius,H100,eu,2.35,True,unknown,demo,9f15d5c5351da380
2026-06-19T13:32:06.361346+00:00,crusoe,H100,us,2.15,True,unknown,demo,902b0a309cf18cf8
2026-06-19T13:42:30.886876+00:00,vast,Tesla V100,"Washington, US",0.15155555555555555,True,vast_live_api,live,8cc17373f963ea72
2026-06-19T13:42:30.887087+00:00,vast,Tesla V100,"Washington, US",0.15155555555555555,True,vast_live_api,live,8cc17373f963ea72
2026-06-19T13:42:30.887174+00:00,vast,Tesla V100,"Washington, US",0.0768888888888889,True,vast_live_api,live,95d596d2a5758330
2026-06-19T13:42:30.887246+00:00,vast,Tesla V100,"Washington, US",0.03955555555555556,True,vast_live_api,live,56b6873bd29bda70
2026-06-19T13:42:30.887316+00:00,vast,Tesla V100,"Washington, US",0.08755555555555555,True,vast_live_api,live,b4296a6593df4967
2026-06-19T13:42:30.887392+00:00,vast,Tesla V100,"Washington, US",0.03955555555555556,True,vast_live_api,live,56b6873bd29bda70
2026-06-19T13:42:30.887462+00:00,vast,Tesla V100,"Washington, US",0.022222222222222223,True,vast_live_api,live,e5cd5663ff70ff2a
2026-06-19T13:42:30.887530+00:00,vast,Tesla V100,"Washington, US",0.02088888888888889,True,vast_live_api,live,26c1591c639bb593
2026-06-19T13:42:30.887599+00:00,vast,RTX 5090,", CN",0.21355555555555558,True,vast_live_api,live,d5283dca37dfbbc1
2026-06-19T13:42:30.887668+00:00,vast,RTX PRO 6000 WS,global,0.6562962962962963,True,vast_live_api,live,3cd979618eaf40ef
2026-06-19T13:42:30.887742+00:00,vast,RTX 5090,", CN",0.42688888888888893,True,vast_live_api,live,803a3b02b5ddd1c8
2026-06-19T13:42:30.887811+00:00,vast,RTX 5080,"Bulgaria, BG",0.11555555555555556,True,vast_live_api,live,cd43e0160271949e
2026-06-19T13:42:30.887881+00:00,vast,RTX 5080,"Bulgaria, BG",0.2288888888888889,True,vast_live_api,live,d2ae2975ec467aa6
2026-06-19T13:42:30.887949+00:00,vast,H200,"France, FR",1.974974533106961,True,vast_live_api,live,29a4e00270ec9eeb
2026-06-19T13:42:30.888021+00:00,vast,RTX 5070 Ti,"Vietnam, VN",0.19422222222222219,True,vast_live_api,live,dafebeb3e8f2193b
2026-06-19T13:42:30.888090+00:00,vast,H200,"France, FR",3.948658743633277,True,vast_live_api,live,ed77ee2e4c1f38ad
2026-06-19T13:42:30.888161+00:00,vast,RTX 3090,"California, US",0.08222222222222222,True,vast_live_api,live,6f3a5097f88f4340
2026-06-19T13:42:30.888231+00:00,vast,RTX PRO 6000 WS,"Czechia, CZ",0.8699259259259259,True,vast_live_api,live,6b520348493ba58c
2026-06-19T13:42:30.888299+00:00,vast,RTX 4090,"California, US",0.27037037037037037,True,vast_live_api,live,25503f70c710a924
2026-06-19T13:42:30.888372+00:00,vast,RTX 4080S,"Vietnam, VN",0.08681481481481482,True,vast_live_api,live,5762cc08cbd82150
2026-06-19T13:42:30.888442+00:00,vast,RTX PRO 6000 WS,"Spain, ES",1.137037037037037,True,vast_live_api,live,3b36af25f98ed0f0
2026-06-19T13:42:30.888511+00:00,vast,RTX PRO 6000 S,"Michigan, US",1.1355555555555554,True,vast_live_api,live,1d509e76621ce6ab
2026-06-19T13:42:30.888580+00:00,vast,RTX 3090,"California, US",0.1622222222222222,True,vast_live_api,live,7924d860ee30c526
2026-06-19T13:42:30.888651+00:00,vast,RTX 4090,", CN",0.2688888888888889,True,vast_live_api,live,5a6de2dd2ba53984
2026-06-19T13:42:30.888720+00:00,vast,RTX 4080S,"Vietnam, VN",0.09348148148148148,True,vast_live_api,live,54dbaf1bd56cf3fa
2026-06-19T13:42:30.888787+00:00,vast,B200,"Alabama, US",3.4444444444444446,True,vast_live_api,live,4e890104292187c9
2026-06-19T13:42:30.888855+00:00,vast,B200,"Virginia, US",31.50972222222222,True,vast_live_api,live,f03f89bb66747330
2026-06-19T13:42:30.888925+00:00,vast,RTX 5090,"Vietnam, VN",0.44222222222222224,True,vast_live_api,live,1f302a18169e69b9
2026-06-19T13:42:30.888996+00:00,vast,RTX 4090,", CN",0.13555555555555554,True,vast_live_api,live,f591a3435ba0e272
2026-06-19T13:42:30.889065+00:00,vast,RTX 5090,"Vietnam, VN",0.8262222222222222,True,vast_live_api,live,627db1db0ba91b51
2026-06-19T13:42:30.889134+00:00,vast,RTX PRO 6000 WS,"Czechia, CZ",1.7339259259259259,True,vast_live_api,live,20e383276a55ddc4
2026-06-19T13:42:30.889201+00:00,vast,RTX 4080S,"Vietnam, VN",0.09348148148148148,True,vast_live_api,live,54dbaf1bd56cf3fa
2026-06-19T13:42:30.889269+00:00,vast,RTX PRO 6000 S,"Czechia, CZ",1.1885925925925926,True,vast_live_api,live,a9222d1830e473cd
2026-06-19T13:42:30.889339+00:00,vast,B200,"Virginia, US",8.184722222222222,True,vast_live_api,live,b823feaf0392a57c
2026-06-19T13:42:30.889407+00:00,vast,RTX 5090,"Estonia, EE",0.47259259259259256,True,vast_live_api,live,29a3f4f9773082e9
2026-06-19T13:42:30.889474+00:00,vast,H100 SXM,"France, FR",1.468888888888889,True,vast_live_api,live,f06aa80456c6cea6
2026-06-19T13:42:30.889541+00:00,vast,RTX 4090,"Argentina, AR",0.33555555555555555,True,vast_live_api,live,95e761298be5520d
2026-06-19T13:42:30.889614+00:00,vast,B200,"Virginia, US",16.35972222222222,True,vast_live_api,live,e759ccf53822f33c
2026-06-19T13:42:30.889683+00:00,vast,RTX 5090,"Czechia, CZ",0.9355555555555555,True,vast_live_api,live,4a0a27faad545ead
2026-06-19T13:42:30.889750+00:00,vast,B200,"Alabama, US",6.881944444444445,True,vast_live_api,live,88bb0dc73806a686
2026-06-19T13:42:30.889818+00:00,vast,B300,"Utah, US",25.002083333333335,True,vast_live_api,live,d66c36da2ca1eb9c
2026-06-19T13:42:30.889886+00:00,vast,H200 NVL,"Montana, US",3.8768888888888893,True,vast_live_api,live,93c96c0b33a98823
2026-06-19T13:42:30.889957+00:00,vast,H200 NVL,"Montana, US",1.9435555555555557,True,vast_live_api,live,ac0ed27c97e3e1b5
2026-06-19T13:42:30.890025+00:00,vast,RTX PRO 6000 S,"Czechia, CZ",4.736592592592593,True,vast_live_api,live,ee304f69c925079a
2026-06-19T13:42:30.890093+00:00,vast,H200 NVL,"Czechia, CZ",5.713037037037037,True,vast_live_api,live,b47b1a38a95234dc
2026-06-19T13:42:30.890163+00:00,vast,RTX PRO 6000 S,"Michigan, US",4.535555555555556,True,vast_live_api,live,cd5b9d6189f11f6f
2026-06-19T13:42:30.890234+00:00,vast,B300,"Utah, US",12.502083333333333,True,vast_live_api,live,eab4e6fa3197ad02
2026-06-19T13:42:30.890304+00:00,vast,B200,"Oregon, US",4.289583333333333,True,vast_live_api,live,4166e51f81a48f83
2026-06-19T13:42:30.890374+00:00,vast,B300,"Utah, US",6.252083333333333,True,vast_live_api,live,65a3cf8e5c43d46a
2026-06-19T13:42:30.890444+00:00,vast,RTX PRO 4500,"South Carolina, US",0.4814814814814815,True,vast_live_api,live,e2fab58f63e2b572
2026-06-19T13:42:30.890516+00:00,vast,RTX 5070 Ti,"South Korea, KR",0.13555555555555554,True,vast_live_api,live,7f2a11460b0c157a
2026-06-19T13:42:30.890567+00:00,vast,RTX 5090,"Guangdong, CN",1.602222222222222,True,vast_live_api,live,daa8017d85ef4abc
2026-06-19T13:42:30.890617+00:00,vast,B300,"Utah, US",50.00208333333333,True,vast_live_api,live,f489357e0aaf6810
2026-06-19T13:42:30.890667+00:00,vast,RTX 5090,"South Korea, KR",0.21288888888888888,True,vast_live_api,live,747c08070a6863b9
2026-06-19T13:42:30.890717+00:00,vast,RTX 4070S Ti,", CN",0.06888888888888889,True,vast_live_api,live,f6d6e9ec0908d3d5
2026-06-19T13:42:30.890768+00:00,vast,RTX 5090,"The Netherlands, NL",1.0696296296296297,True,vast_live_api,live,e02dd3c825c57010
2026-06-19T13:42:30.890817+00:00,vast,H200 NVL,"Montana, US",15.47688888888889,True,vast_live_api,live,540e8de8e0686494
2026-06-19T13:42:30.890868+00:00,vast,RTX 5090,"Hungary, HU",0.6423703703703703,True,vast_live_api,live,b44035d69cdaa2d0
2026-06-19T13:42:30.890918+00:00,vast,RTX PRO 5000,", US",1.2807407407407407,True,vast_live_api,live,a4355aaa65ebde42
2026-06-19T13:42:30.890967+00:00,vast,RTX 5070 Ti,"Romania, RO",0.1582222222222222,True,vast_live_api,live,b02c050ac5170dff
2026-06-19T13:42:30.891018+00:00,vast,H200 NVL,"Czechia, CZ",2.859703703703704,True,vast_live_api,live,fbac7b79afb2dc17
2026-06-19T13:42:30.891068+00:00,vast,RTX PRO 6000 S,"Bulgaria, BG",2.9362962962962964,True,vast_live_api,live,1304fe6d3a2da42f
2026-06-19T13:42:30.891117+00:00,vast,B200,"Alabama, US",13.756944444444445,True,vast_live_api,live,7c5b26a481ecf632
2026-06-19T13:42:30.891167+00:00,vast,RTX PRO 6000 WS,"Spain, ES",2.27037037037037,True,vast_live_api,live,1376d0030d03f39a
2026-06-19T13:42:31.687059+00:00,runpod,mixed,global,0.48,True,runpod_live_api,live,7d80e0c18c6aa0e7
2026-06-19T13:42:31.687199+00:00,coreweave,H100,us,2.75,True,unknown,demo,f25fbcc3b6ecec94
2026-06-19T13:42:32.066941+00:00,nebius,H100,eu,2.35,True,unknown,demo,9f15d5c5351da380
2026-06-19T13:42:32.067008+00:00,crusoe,H100,us,2.15,True,unknown,demo,902b0a309cf18cf8
2026-06-19T14:00:11.397364+00:00,vast,Tesla V100,"Washington, US",0.0768888888888889,True,vast_live_api,live,95d596d2a5758330
2026-06-19T14:00:11.397546+00:00,vast,Tesla V100,"Washington, US",0.15155555555555555,True,vast_live_api,live,8cc17373f963ea72
2026-06-19T14:00:11.397654+00:00,vast,Tesla V100,"Washington, US",0.0768888888888889,True,vast_live_api,live,95d596d2a5758330
2026-06-19T14:00:11.397737+00:00,vast,Tesla V100,"Washington, US",0.1728888888888889,True,vast_live_api,live,6dff7681d11cfa46
2026-06-19T14:00:11.397811+00:00,vast,Tesla V100,"Washington, US",0.03955555555555556,True,vast_live_api,live,56b6873bd29bda70
2026-06-19T14:00:11.397882+00:00,vast,Tesla V100,"Washington, US",0.03955555555555556,True,vast_live_api,live,56b6873bd29bda70
2026-06-19T14:00:11.397951+00:00,vast,Tesla V100,"Washington, US",0.02088888888888889,True,vast_live_api,live,26c1591c639bb593
2026-06-19T14:00:11.398023+00:00,vast,Tesla V100,"Washington, US",0.02088888888888889,True,vast_live_api,live,26c1591c639bb593
2026-06-19T14:00:11.398093+00:00,vast,RTX 5090,"Alberta, CA",0.30888888888888894,True,vast_live_api,live,74e6539f6d79cefe
2026-06-19T14:00:11.398165+00:00,vast,RTX 5090,", CN",0.42688888888888893,True,vast_live_api,live,803a3b02b5ddd1c8
2026-06-19T14:00:11.398235+00:00,vast,RTX 5090,"Alberta, CA",0.33555555555555555,True,vast_live_api,live,a3bf6d8c4d3d8c6a
2026-06-19T14:00:11.398307+00:00,vast,RTX 4090,"Argentina, AR",0.16888888888888887,True,vast_live_api,live,160f66cfe2a4314c
2026-06-19T14:00:11.398379+00:00,vast,RTX 5080,"Bulgaria, BG",0.11555555555555556,True,vast_live_api,live,cd43e0160271949e
2026-06-19T14:00:11.398448+00:00,vast,RTX 5090,"Finland, FI",0.9948148148148147,True,vast_live_api,live,69ef99cde6a8533b
2026-06-19T14:00:11.398518+00:00,vast,RTX 4080S,"Vietnam, VN",0.08681481481481482,True,vast_live_api,live,5762cc08cbd82150
2026-06-19T14:00:11.398589+00:00,vast,RTX PRO 6000 WS,"Alberta, CA",0.8688888888888889,True,vast_live_api,live,9255a983b7fc0154
2026-06-19T14:00:11.398661+00:00,vast,H200,"France, FR",3.948658743633277,True,vast_live_api,live,ed77ee2e4c1f38ad
2026-06-19T14:00:11.398732+00:00,vast,H200,"France, FR",7.896027164685909,True,vast_live_api,live,40aa4fb1a44d44ef
2026-06-19T14:00:11.398803+00:00,vast,RTX PRO 6000 WS,"Czechia, CZ",1.7339259259259259,True,vast_live_api,live,20e383276a55ddc4
2026-06-19T14:00:11.398872+00:00,vast,RTX 3090,"California, US",0.1622222222222222,True,vast_live_api,live,7924d860ee30c526
2026-06-19T14:00:11.398942+00:00,vast,RTX 3090,"California, US",0.08222222222222222,True,vast_live_api,live,6f3a5097f88f4340
2026-06-19T14:00:11.399016+00:00,vast,RTX PRO 6000 S,"Czechia, CZ",1.1085925925925926,True,vast_live_api,live,9f78f5ebd58bfb38
2026-06-19T14:00:11.399090+00:00,vast,RTX 4080S,"Vietnam, VN",0.08681481481481482,True,vast_live_api,live,5762cc08cbd82150
2026-06-19T14:00:11.399161+00:00,vast,H200,"France, FR",1.974974533106961,True,vast_live_api,live,29a4e00270ec9eeb
2026-06-19T14:00:11.399231+00:00,vast,RTX PRO 6000 WS,"Czechia, CZ",0.8699259259259259,True,vast_live_api,live,6b520348493ba58c
2026-06-19T14:00:11.399304+00:00,vast,RTX PRO 6000 WS,"Minnesota, US",1.228888888888889,True,vast_live_api,live,bc0f57ce076080ed
2026-06-19T14:00:11.399376+00:00,vast,RTX 5070 Ti,"Vietnam, VN",0.19422222222222219,True,vast_live_api,live,dafebeb3e8f2193b
2026-06-19T14:00:11.399445+00:00,vast,RTX PRO 6000 S,"Czechia, CZ",2.2112592592592595,True,vast_live_api,live,f0637075b5920e3e
2026-06-19T14:00:11.399514+00:00,vast,B200,"Alabama, US",3.4444444444444446,True,vast_live_api,live,4e890104292187c9
2026-06-19T14:00:11.399587+00:00,vast,RTX 5060 Ti,"Florida, US",0.047407407407407405,True,vast_live_api,live,0a991609c7368804
2026-06-19T14:00:11.399664+00:00,vast,RTX 4090,"California, US",0.537037037037037,True,vast_live_api,live,68de9e4847633038
2026-06-19T14:00:11.399735+00:00,vast,B200,"Virginia, US",8.084722222222222,True,vast_live_api,live,1d5312b9de3bbc66
2026-06-19T14:00:11.399804+00:00,vast,RTX 4090,", CN",0.2688888888888889,True,vast_live_api,live,5a6de2dd2ba53984
2026-06-19T14:00:11.399880+00:00,vast,B200,"Virginia, US",15.909722222222225,True,vast_live_api,live,ec147ec9a6106679
2026-06-19T14:00:11.399950+00:00,vast,RTX 4080S,"Vietnam, VN",0.09348148148148148,True,vast_live_api,live,54dbaf1bd56cf3fa
2026-06-19T14:00:11.400024+00:00,vast,RTX PRO 6000 WS,"Czechia, CZ",3.461925925925926,True,vast_live_api,live,831a7c00c4f0a092
2026-06-19T14:00:11.400095+00:00,vast,H200,"France, FR",15.790764006791173,True,vast_live_api,live,f5449b220c172135
2026-06-19T14:00:11.400167+00:00,vast,B200,"Alabama, US",6.881944444444445,True,vast_live_api,live,88bb0dc73806a686
2026-06-19T14:00:11.400239+00:00,vast,RTX 4090,", CN",0.13555555555555554,True,vast_live_api,live,f591a3435ba0e272
2026-06-19T14:00:11.400312+00:00,vast,RTX PRO 4500,"Lithuania, LT",0.1622222222222222,True,vast_live_api,live,ff57c2da9d588cff
2026-06-19T14:00:11.400382+00:00,vast,RTX 5090,"British Columbia, CA",0.4675555555555556,True,vast_live_api,live,bd17562af255ebf6
2026-06-19T14:00:11.400452+00:00,vast,RTX PRO 6000 S,"Virginia, US",0.7355555555555556,True,vast_live_api,live,4d814504efe32bee
2026-06-19T14:00:11.400521+00:00,vast,RTX 5090,"Puerto Rico, PR",1.0155555555555553,True,vast_live_api,live,b2625ad7661feb91
2026-06-19T14:00:11.400591+00:00,vast,H200 NVL,"Montana, US",1.9435555555555557,True,vast_live_api,live,ac0ed27c97e3e1b5
2026-06-19T14:00:11.400666+00:00,vast,RTX 4090,"Argentina, AR",0.33555555555555555,True,vast_live_api,live,95e761298be5520d
2026-06-19T14:00:11.400736+00:00,vast,B300,"Taiwan, TW",30.002222222222223,True,vast_live_api,live,8f44d7ff1fb2acfc
2026-06-19T14:00:11.400807+00:00,vast,RTX 5090,"Estonia, EE",0.47259259259259256,True,vast_live_api,live,29a3f4f9773082e9
2026-06-19T14:00:11.400876+00:00,vast,RTX 5090,"The Netherlands, NL",1.0696296296296297,True,vast_live_api,live,e02dd3c825c57010
2026-06-19T14:00:11.400951+00:00,vast,RTX PRO 6000 S,", US",1.2688888888888887,True,vast_live_api,live,24021e9088360fbe
2026-06-19T14:00:11.401021+00:00,vast,B200,"Oregon, US",4.289583333333333,True,vast_live_api,live,4166e51f81a48f83
2026-06-19T14:00:11.401091+00:00,vast,B200,"Alabama, US",13.756944444444445,True,vast_live_api,live,7c5b26a481ecf632
2026-06-19T14:00:11.401170+00:00,vast,RTX PRO 6000 WS,"Poland, PL",2.558222222222222,True,vast_live_api,live,826789e00efd5364
2026-06-19T14:00:11.401240+00:00,vast,B200,"Oregon, US",8.752136752136753,True,vast_live_api,live,cea76bbd727016b3
2026-06-19T14:00:11.401313+00:00,vast,H200 NVL,"Montana, US",15.47688888888889,True,vast_live_api,live,540e8de8e0686494
2026-06-19T14:00:11.401384+00:00,vast,RTX 5070 Ti,"South Korea, KR",0.13555555555555554,True,vast_live_api,live,7f2a11460b0c157a
2026-06-19T14:00:11.401455+00:00,vast,B300,"Utah, US",6.252083333333333,True,vast_live_api,live,65a3cf8e5c43d46a
2026-06-19T14:00:11.401524+00:00,vast,RTX 5090,"Guangdong, CN",1.602222222222222,True,vast_live_api,live,daa8017d85ef4abc
2026-06-19T14:00:11.401601+00:00,vast,B300,"Utah, US",25.002083333333335,True,vast_live_api,live,d66c36da2ca1eb9c
2026-06-19T14:00:11.401673+00:00,vast,RTX 5090,"Hungary, HU",1.281037037037037,True,vast_live_api,live,dd050963be44c39f
2026-06-19T14:00:11.401743+00:00,vast,B200,"Alabama, US",27.506944444444443,True,vast_live_api,live,38d3ec5ac1b0202c
2026-06-19T14:00:11.401820+00:00,vast,B200,"Virginia, US",32.70972222222222,True,vast_live_api,live,9d96e49ac4174ee3
2026-06-19T14:00:11.401895+00:00,vast,B300,"Utah, US",12.502083333333333,True,vast_live_api,live,eab4e6fa3197ad02
2026-06-19T14:00:11.401969+00:00,vast,RTX PRO 5000,"Quebec, CA",0.537037037037037,True,vast_live_api,live,55608e11580cd02c
2026-06-19T14:00:11.402216+00:00,vast,RTX PRO 6000 S,"Texas, US",3.4696296296296296,True,vast_live_api,live,71d043e18cd50d82
2026-06-19T14:00:12.110098+00:00,runpod,mixed,global,0.48,True,runpod_live_api,live,7d80e0c18c6aa0e7
2026-06-19T14:00:12.110169+00:00,coreweave,H100,us,2.75,True,unknown,demo,f25fbcc3b6ecec94
2026-06-19T14:00:12.110200+00:00,nebius,H100,eu,2.35,True,unknown,demo,9f15d5c5351da380
2026-06-19T14:00:12.110219+00:00,crusoe,H100,us,2.15,True,unknown,demo,902b0a309cf18cf8
2026-06-19T14:00:13.494578+00:00,vast,Tesla V100,"Washington, US",0.15155555555555555,True,vast_live_api,live,8cc17373f963ea72
2026-06-19T14:00:13.494729+00:00,vast,Tesla V100,"Washington, US",0.0768888888888889,True,vast_live_api,live,95d596d2a5758330
2026-06-19T14:00:13.494809+00:00,vast,Tesla V100,"Washington, US",0.0768888888888889,True,vast_live_api,live,95d596d2a5758330
2026-06-19T14:00:13.494882+00:00,vast,Tesla V100,"Washington, US",0.1728888888888889,True,vast_live_api,live,6dff7681d11cfa46
2026-06-19T14:00:13.494954+00:00,vast,Tesla V100,"Washington, US",0.03955555555555556,True,vast_live_api,live,56b6873bd29bda70
2026-06-19T14:00:13.495025+00:00,vast,Tesla V100,"Washington, US",0.03955555555555556,True,vast_live_api,live,56b6873bd29bda70
2026-06-19T14:00:13.495095+00:00,vast,RTX 5090,"Spain, ES",0.2222222222222222,True,vast_live_api,live,99bdb03194ea8cff
2026-06-19T14:00:13.495164+00:00,vast,Tesla V100,"Washington, US",0.02088888888888889,True,vast_live_api,live,26c1591c639bb593
2026-06-19T14:00:13.495234+00:00,vast,Tesla V100,"Washington, US",0.02088888888888889,True,vast_live_api,live,26c1591c639bb593
2026-06-19T14:00:13.495304+00:00,vast,RTX PRO 6000 WS,"Sweden, SE",0.6841481481481482,True,vast_live_api,live,a4dd64f18042dc55
2026-06-19T14:00:13.495374+00:00,vast,RTX 5070 Ti,"Vietnam, VN",0.09822222222222221,True,vast_live_api,live,880c0c03f165f15e
2026-06-19T14:00:13.495446+00:00,vast,RTX 5090,", CN",0.42688888888888893,True,vast_live_api,live,803a3b02b5ddd1c8
2026-06-19T14:00:13.495522+00:00,vast,RTX 5080,"Bulgaria, BG",0.2288888888888889,True,vast_live_api,live,d2ae2975ec467aa6
2026-06-19T14:00:13.495593+00:00,vast,RTX PRO 6000 WS,"Czechia, CZ",1.7339259259259259,True,vast_live_api,live,20e383276a55ddc4
2026-06-19T14:00:13.495662+00:00,vast,H200,"France, FR",3.948658743633277,True,vast_live_api,live,ed77ee2e4c1f38ad
2026-06-19T14:00:13.495733+00:00,vast,RTX 3090,"California, US",0.08222222222222222,True,vast_live_api,live,6f3a5097f88f4340
2026-06-19T14:00:13.495804+00:00,vast,H200,"France, FR",1.974974533106961,True,vast_live_api,live,29a4e00270ec9eeb
2026-06-19T14:00:13.495874+00:00,vast,RTX PRO 6000 WS,"Alberta, CA",0.8688888888888889,True,vast_live_api,live,9255a983b7fc0154
2026-06-19T14:00:13.495947+00:00,vast,RTX PRO 6000 WS,"Czechia, CZ",0.8699259259259259,True,vast_live_api,live,6b520348493ba58c
2026-06-19T14:00:13.496017+00:00,vast,RTX PRO 6000 WS,"Nebraska, US",2.2414814814814816,True,vast_live_api,live,f630e523c81eada4
2026-06-19T14:00:13.496087+00:00,vast,RTX 5090,"California, US",0.4977777777777777,True,vast_live_api,live,ecffc0881bb6dc03
2026-06-19T14:00:13.496155+00:00,vast,RTX 4090,", CN",0.2688888888888889,True,vast_live_api,live,5a6de2dd2ba53984
2026-06-19T14:00:13.496225+00:00,vast,RTX PRO 6000 S,"Czechia, CZ",1.1085925925925926,True,vast_live_api,live,9f78f5ebd58bfb38
2026-06-19T14:00:13.496294+00:00,vast,RTX PRO 6000 S,"Michigan, US",2.2688888888888887,True,vast_live_api,live,119b8e2c2ba58022
2026-06-19T14:00:13.496363+00:00,vast,RTX 4090,", CN",0.13555555555555554,True,vast_live_api,live,f591a3435ba0e272
2026-06-19T14:00:13.496433+00:00,vast,RTX 4070S Ti,"Vietnam, VN",0.0802962962962963,True,vast_live_api,live,f59d39c2d590c743
2026-06-19T14:00:13.496503+00:00,vast,RTX PRO 4500,"Lithuania, LT",0.1622222222222222,True,vast_live_api,live,ff57c2da9d588cff
2026-06-19T14:00:13.496572+00:00,vast,RTX PRO 6000 S,"Michigan, US",1.1355555555555554,True,vast_live_api,live,1d509e76621ce6ab
2026-06-19T14:00:13.496641+00:00,vast,RTX 3090,"California, US",0.1622222222222222,True,vast_live_api,live,7924d860ee30c526
2026-06-19T14:00:13.496711+00:00,vast,RTX 5090,"Czechia, CZ",0.46888888888888886,True,vast_live_api,live,4cbc9f01b4c0b72a
2026-06-19T14:00:13.496780+00:00,vast,RTX 4080S,"Vietnam, VN",0.09348148148148148,True,vast_live_api,live,54dbaf1bd56cf3fa
2026-06-19T14:00:13.496849+00:00,vast,RTX 5060 Ti,"Florida, US",0.047407407407407405,True,vast_live_api,live,0a991609c7368804
2026-06-19T14:00:13.496918+00:00,vast,B200,"Alabama, US",3.4444444444444446,True,vast_live_api,live,4e890104292187c9
2026-06-19T14:00:13.496990+00:00,vast,RTX 5070 Ti,"Guangdong, CN",0.24222222222222223,True,vast_live_api,live,85ee1b6253b515f2
2026-06-19T14:00:13.497060+00:00,vast,RTX PRO 6000 S,"Virginia, US",0.7355555555555556,True,vast_live_api,live,4d814504efe32bee
2026-06-19T14:00:13.497129+00:00,vast,RTX PRO 6000 WS,"Czechia, CZ",3.461925925925926,True,vast_live_api,live,831a7c00c4f0a092
2026-06-19T14:00:13.497198+00:00,vast,RTX 4080S,"Vietnam, VN",0.09348148148148148,True,vast_live_api,live,54dbaf1bd56cf3fa
2026-06-19T14:00:13.497266+00:00,vast,RTX 5090,"California, US",0.8096296296296296,True,vast_live_api,live,76ac17432b48eab6
2026-06-19T14:00:13.497336+00:00,vast,RTX 4090,"California, US",0.537037037037037,True,vast_live_api,live,68de9e4847633038
2026-06-19T14:00:13.497404+00:00,vast,B200,"Virginia, US",15.909722222222225,True,vast_live_api,live,ec147ec9a6106679
2026-06-19T14:00:13.497473+00:00,vast,H200,"France, FR",15.790764006791173,True,vast_live_api,live,f5449b220c172135
2026-06-19T14:00:13.497544+00:00,vast,H200 NVL,"Montana, US",3.8768888888888893,True,vast_live_api,live,93c96c0b33a98823
2026-06-19T14:00:13.497613+00:00,vast,B200,"Virginia, US",8.134722222222223,True,vast_live_api,live,43f8dc4f3b56bd47
2026-06-19T14:00:13.497682+00:00,vast,RTX 4080S,"Vietnam, VN",0.09822222222222221,True,vast_live_api,live,e1e79ae18a4b4405
2026-06-19T14:00:13.497751+00:00,vast,H200 NVL,"Montana, US",1.9435555555555557,True,vast_live_api,live,ac0ed27c97e3e1b5
2026-06-19T14:00:13.497819+00:00,vast,RTX 5090,"British Columbia, CA",0.4675555555555556,True,vast_live_api,live,bd17562af255ebf6
2026-06-19T14:00:13.497888+00:00,vast,B300,"Taiwan, TW",30.002222222222223,True,vast_live_api,live,8f44d7ff1fb2acfc
2026-06-19T14:00:13.497959+00:00,vast,RTX 3090,"California, US",0.32222222222222224,True,vast_live_api,live,0c53572e17ddf3dc
2026-06-19T14:00:13.498038+00:00,vast,RTX 5070 Ti,"Guangdong, CN",0.4822222222222223,True,vast_live_api,live,e73c0b749b3e853c
2026-06-19T14:00:13.498109+00:00,vast,RTX 5070 Ti,"South Korea, KR",0.13555555555555554,True,vast_live_api,live,7f2a11460b0c157a
2026-06-19T14:00:13.498178+00:00,vast,B200,"Alabama, US",6.881944444444445,True,vast_live_api,live,88bb0dc73806a686
2026-06-19T14:00:13.498247+00:00,vast,B200,"Oregon, US",4.289583333333333,True,vast_live_api,live,4166e51f81a48f83
2026-06-19T14:00:13.498319+00:00,vast,B200,"Alabama, US",13.756944444444445,True,vast_live_api,live,7c5b26a481ecf632
2026-06-19T14:00:13.498390+00:00,vast,L4,"Hong Kong, HK",0.031407407407407405,True,vast_live_api,live,6cc3cb9cd8d45178
2026-06-19T14:00:13.498459+00:00,vast,B300,"Utah, US",12.502083333333333,True,vast_live_api,live,eab4e6fa3197ad02
2026-06-19T14:00:13.498530+00:00,vast,B200,"Virginia, US",34.90972222222222,True,vast_live_api,live,409770965bbb7e25
2026-06-19T14:00:13.498601+00:00,vast,B300,"Utah, US",25.002083333333335,True,vast_live_api,live,d66c36da2ca1eb9c
2026-06-19T14:00:13.498673+00:00,vast,RTX 4090,"South Africa, ZA",0.2688888888888889,True,vast_live_api,live,ba0240b4d464cefa
2026-06-19T14:00:13.498754+00:00,vast,RTX 4090,", CN",0.5355555555555556,True,vast_live_api,live,8141efc0c9984f29
2026-06-19T14:00:13.498825+00:00,vast,B200,"Ohio, US",39.90972222222222,True,vast_live_api,live,9d3ee358c7744933
2026-06-19T14:00:13.498897+00:00,vast,RTX PRO 6000 S,"Michigan, US",4.535555555555556,True,vast_live_api,live,cd5b9d6189f11f6f
2026-06-19T14:00:13.498977+00:00,vast,H200,", US",11.055043859649123,True,vast_live_api,live,92d855050a14401f
2026-06-19T14:00:13.499049+00:00,vast,RTX 5090,"South Korea, KR",0.21288888888888888,True,vast_live_api,live,747c08070a6863b9
2026-06-19T14:00:13.499120+00:00,vast,B200,"Ohio, US",9.984722222222222,True,vast_live_api,live,51f0046c3087af70
2026-06-19T14:00:14.193729+00:00,runpod,mixed,global,0.48,True,runpod_live_api,live,7d80e0c18c6aa0e7
2026-06-19T14:00:14.193900+00:00,coreweave,H100,us,2.75,True,unknown,demo,f25fbcc3b6ecec94
2026-06-19T14:00:14.193979+00:00,nebius,H100,eu,2.35,True,unknown,demo,9f15d5c5351da380
2026-06-19T14:00:14.194031+00:00,crusoe,H100,us,2.15,True,unknown,demo,902b0a309cf18cf8
2026-06-19T14:00:15.390621+00:00,vast,Tesla V100,"Washington, US",0.15155555555555555,True,vast_live_api,live,8cc17373f963ea72
2026-06-19T14:00:15.390770+00:00,vast,Tesla V100,"Washington, US",0.0768888888888889,True,vast_live_api,live,95d596d2a5758330
2026-06-19T14:00:15.390850+00:00,vast,Tesla V100,"Washington, US",0.03955555555555556,True,vast_live_api,live,56b6873bd29bda70
2026-06-19T14:00:15.390926+00:00,vast,Tesla V100,"Washington, US",0.0768888888888889,True,vast_live_api,live,95d596d2a5758330
2026-06-19T14:00:15.390998+00:00,vast,Tesla V100,"Washington, US",0.18355555555555556,True,vast_live_api,live,43591ad01cb83f83
2026-06-19T14:00:15.391087+00:00,vast,Tesla V100,"Washington, US",0.042222222222222223,True,vast_live_api,live,3ebb9fe8d068ce2f
2026-06-19T14:00:15.391163+00:00,vast,Tesla V100,"Washington, US",0.02088888888888889,True,vast_live_api,live,26c1591c639bb593
2026-06-19T14:00:15.391234+00:00,vast,Tesla V100,"Washington, US",0.02088888888888889,True,vast_live_api,live,26c1591c639bb593
2026-06-19T14:00:15.391305+00:00,vast,RTX 5090,", CN",0.21355555555555558,True,vast_live_api,live,d5283dca37dfbbc1
2026-06-19T14:00:15.391382+00:00,vast,RTX PRO 6000 WS,"Sweden, SE",0.6841481481481482,True,vast_live_api,live,a4dd64f18042dc55
2026-06-19T14:00:15.391455+00:00,vast,RTX 5090,"Arizona, US",0.44222222222222224,True,vast_live_api,live,b5f76ed1e4a5187a
2026-06-19T14:00:15.391528+00:00,vast,RTX 3090,"California, US",0.08222222222222222,True,vast_live_api,live,6f3a5097f88f4340
2026-06-19T14:00:15.391597+00:00,vast,RTX PRO 6000 WS,"Czechia, CZ",0.8699259259259259,True,vast_live_api,live,6b520348493ba58c
2026-06-19T14:00:15.391668+00:00,vast,RTX PRO 6000 WS,"Nebraska, US",2.2414814814814816,True,vast_live_api,live,f630e523c81eada4
2026-06-19T14:00:15.391749+00:00,vast,RTX PRO 6000 WS,"Alberta, CA",0.8688888888888889,True,vast_live_api,live,9255a983b7fc0154
2026-06-19T14:00:15.391822+00:00,vast,RTX 4080S,"Vietnam, VN",0.08681481481481482,True,vast_live_api,live,5762cc08cbd82150
2026-06-19T14:00:15.391892+00:00,vast,H200,"France, FR",3.948658743633277,True,vast_live_api,live,ed77ee2e4c1f38ad
2026-06-19T14:00:15.391963+00:00,vast,H200,"France, FR",7.896027164685909,True,vast_live_api,live,40aa4fb1a44d44ef
2026-06-19T14:00:15.392041+00:00,vast,H200,"France, FR",1.974974533106961,True,vast_live_api,live,29a4e00270ec9eeb
2026-06-19T14:00:15.392112+00:00,vast,RTX PRO 6000 S,"Michigan, US",1.1355555555555554,True,vast_live_api,live,1d509e76621ce6ab
2026-06-19T14:00:15.392182+00:00,vast,RTX PRO 6000 S,"Michigan, US",2.2688888888888887,True,vast_live_api,live,119b8e2c2ba58022
2026-06-19T14:00:15.392253+00:00,vast,RTX 3090,"California, US",0.1622222222222222,True,vast_live_api,live,7924d860ee30c526
2026-06-19T14:00:15.392323+00:00,vast,RTX PRO 6000 S,"Czechia, CZ",1.1085925925925926,True,vast_live_api,live,9f78f5ebd58bfb38
2026-06-19T14:00:15.392412+00:00,vast,RTX 4090,", CN",0.2688888888888889,True,vast_live_api,live,5a6de2dd2ba53984
2026-06-19T14:00:15.392485+00:00,vast,B200,"Alabama, US",3.4444444444444446,True,vast_live_api,live,4e890104292187c9
2026-06-19T14:00:15.392556+00:00,vast,RTX 4070S Ti,"Vietnam, VN",0.08222222222222222,True,vast_live_api,live,d3e526d372806abd
2026-06-19T14:00:15.392628+00:00,vast,RTX 3080,"Norway, NO",0.035555555555555556,True,vast_live_api,live,b7d9629ac9fb015f
2026-06-19T14:00:15.392705+00:00,vast,RTX 4090,"Argentina, AR",0.16888888888888887,True,vast_live_api,live,160f66cfe2a4314c
2026-06-19T14:00:15.392776+00:00,vast,RTX 5070 Ti,"Guangdong, CN",0.24222222222222223,True,vast_live_api,live,85ee1b6253b515f2
2026-06-19T14:00:15.392847+00:00,vast,RTX PRO 6000 WS,"Czechia, CZ",1.7339259259259259,True,vast_live_api,live,20e383276a55ddc4
2026-06-19T14:00:15.392918+00:00,vast,RTX 5090,"Denmark, DK",0.9622222222222223,True,vast_live_api,live,4c9567823fe99677
2026-06-19T14:00:15.392986+00:00,vast,RTX 4090,", CN",0.13555555555555554,True,vast_live_api,live,f591a3435ba0e272
2026-06-19T14:00:15.393062+00:00,vast,RTX PRO 6000 WS,"Czechia, CZ",3.461925925925926,True,vast_live_api,live,831a7c00c4f0a092
2026-06-19T14:00:15.393133+00:00,vast,RTX 4080S,"Vietnam, VN",0.09348148148148148,True,vast_live_api,live,54dbaf1bd56cf3fa
2026-06-19T14:00:15.393203+00:00,vast,B200,"Virginia, US",31.50972222222222,True,vast_live_api,live,f03f89bb66747330
2026-06-19T14:00:15.393274+00:00,vast,B200,"Alabama, US",6.881944444444445,True,vast_live_api,live,88bb0dc73806a686
2026-06-19T14:00:15.393344+00:00,vast,RTX 4090,"California, US",0.27037037037037037,True,vast_live_api,live,25503f70c710a924
2026-06-19T14:00:15.393420+00:00,vast,B200,"Virginia, US",15.909722222222225,True,vast_live_api,live,ec147ec9a6106679
2026-06-19T14:00:15.393489+00:00,vast,RTX PRO 6000 S,"Virginia, US",0.7355555555555556,True,vast_live_api,live,4d814504efe32bee
2026-06-19T14:00:15.393559+00:00,vast,L4,"Hong Kong, HK",0.031407407407407405,True,vast_live_api,live,6cc3cb9cd8d45178
2026-06-19T14:00:15.393629+00:00,vast,B200,"Oregon, US",4.289583333333333,True,vast_live_api,live,4166e51f81a48f83
2026-06-19T14:00:15.393704+00:00,vast,H200 NVL,"Montana, US",1.9435555555555557,True,vast_live_api,live,ac0ed27c97e3e1b5
2026-06-19T14:00:15.393774+00:00,vast,B200,"Virginia, US",8.184722222222222,True,vast_live_api,live,b823feaf0392a57c
2026-06-19T14:00:15.393844+00:00,vast,RTX PRO 6000 S,"Czechia, CZ",4.416592592592592,True,vast_live_api,live,804a5f76c0f7ec1e
2026-06-19T14:00:15.393914+00:00,vast,RTX 5090,"Denmark, DK",2.03037037037037,True,vast_live_api,live,f7d93ec8e1037cb4
2026-06-19T14:00:15.393983+00:00,vast,RTX 4080S,"Vietnam, VN",0.09822222222222221,True,vast_live_api,live,e1e79ae18a4b4405
2026-06-19T14:00:15.394059+00:00,vast,RTX 5090,"Czechia, CZ",0.46888888888888886,True,vast_live_api,live,4cbc9f01b4c0b72a
2026-06-19T14:00:15.394129+00:00,vast,RTX 5070 Ti,"Guangdong, CN",0.4822222222222223,True,vast_live_api,live,e73c0b749b3e853c
2026-06-19T14:00:15.394199+00:00,vast,RTX 5090,"Estonia, EE",0.47259259259259256,True,vast_live_api,live,29a3f4f9773082e9
2026-06-19T14:00:15.394268+00:00,vast,B300,"Utah, US",50.00208333333333,True,vast_live_api,live,f489357e0aaf6810
2026-06-19T14:00:15.394344+00:00,vast,RTX 3080,", CN",0.02888888888888889,True,vast_live_api,live,6250fbb80ce666fb
2026-06-19T14:00:15.394415+00:00,vast,B200,"Oregon, US",17.502136752136753,True,vast_live_api,live,a7aa008f5c76d88f
2026-06-19T14:00:15.394486+00:00,vast,B300,"Utah, US",6.252083333333333,True,vast_live_api,live,65a3cf8e5c43d46a
2026-06-19T14:00:15.394557+00:00,vast,B200,"Alabama, US",13.756944444444445,True,vast_live_api,live,7c5b26a481ecf632
2026-06-19T14:00:15.394628+00:00,vast,RTX 5070 Ti,"South Korea, KR",0.13555555555555554,True,vast_live_api,live,7f2a11460b0c157a
2026-06-19T14:00:15.394699+00:00,vast,RTX 4090,", CN",0.5355555555555556,True,vast_live_api,live,8141efc0c9984f29
2026-06-19T14:00:15.394763+00:00,vast,RTX PRO 4500,"South Carolina, US",0.4814814814814815,True,vast_live_api,live,e2fab58f63e2b572
2026-06-19T14:00:15.394824+00:00,vast,B300,"Utah, US",12.502083333333333,True,vast_live_api,live,eab4e6fa3197ad02
2026-06-19T14:00:15.394886+00:00,vast,RTX 5090,"Puerto Rico, PR",1.522222222222222,True,vast_live_api,live,c0d9f3f436920717
2026-06-19T14:00:15.394953+00:00,vast,RTX PRO 5000,", US",1.2807407407407407,True,vast_live_api,live,a4355aaa65ebde42
2026-06-19T14:00:15.395015+00:00,vast,RTX 5090,"Hungary, HU",0.6423703703703703,True,vast_live_api,live,b44035d69cdaa2d0
2026-06-19T14:00:15.395077+00:00,vast,B300,"Utah, US",25.002083333333335,True,vast_live_api,live,d66c36da2ca1eb9c
2026-06-19T14:00:15.395140+00:00,vast,RTX 5080,"Bulgaria, BG",0.11555555555555556,True,vast_live_api,live,cd43e0160271949e
2026-06-19T14:00:15.395202+00:00,vast,RTX 5090,"Hungary, HU",1.3343703703703704,True,vast_live_api,live,2f5ff72e13c7334c
2026-06-19T14:00:16.147447+00:00,runpod,mixed,global,0.48,True,runpod_live_api,live,7d80e0c18c6aa0e7
2026-06-19T14:00:16.147592+00:00,coreweave,H100,us,2.75,True,unknown,demo,f25fbcc3b6ecec94
2026-06-19T14:00:16.147641+00:00,nebius,H100,eu,2.35,True,unknown,demo,9f15d5c5351da380
2026-06-19T14:00:16.147677+00:00,crusoe,H100,us,2.15,True,unknown,demo,902b0a309cf18cf8
2026-06-19T14:00:18.534219+00:00,vast,Tesla V100,"Washington, US",0.15155555555555555,True,vast_live_api,live,8cc17373f963ea72
2026-06-19T14:00:18.534340+00:00,vast,Tesla V100,"Washington, US",0.15155555555555555,True,vast_live_api,live,8cc17373f963ea72
2026-06-19T14:00:18.534419+00:00,vast,Tesla V100,"Washington, US",0.0768888888888889,True,vast_live_api,live,95d596d2a5758330
2026-06-19T14:00:18.534494+00:00,vast,Tesla V100,"Washington, US",0.03955555555555556,True,vast_live_api,live,56b6873bd29bda70
2026-06-19T14:00:18.534567+00:00,vast,Tesla V100,"Washington, US",0.0768888888888889,True,vast_live_api,live,95d596d2a5758330
2026-06-19T14:00:18.534638+00:00,vast,Tesla V100,"Washington, US",0.03955555555555556,True,vast_live_api,live,56b6873bd29bda70
2026-06-19T14:00:18.534708+00:00,vast,Tesla V100,"Washington, US",0.02088888888888889,True,vast_live_api,live,26c1591c639bb593
2026-06-19T14:00:18.534779+00:00,vast,Tesla V100,"Washington, US",0.02088888888888889,True,vast_live_api,live,26c1591c639bb593
2026-06-19T14:00:18.534851+00:00,vast,RTX 5090,"The Netherlands, NL",0.29555555555555557,True,vast_live_api,live,15355b79339c1da3
2026-06-19T14:00:18.534921+00:00,vast,RTX 5090,", CN",0.42688888888888893,True,vast_live_api,live,803a3b02b5ddd1c8
2026-06-19T14:00:18.534991+00:00,vast,RTX 5090,"California, US",0.47111111111111104,True,vast_live_api,live,0c6b55916dd222e9
2026-06-19T14:00:18.535061+00:00,vast,RTX 5080,"Bulgaria, BG",0.11555555555555556,True,vast_live_api,live,cd43e0160271949e
2026-06-19T14:00:18.535131+00:00,vast,RTX PRO 6000 WS,"Alberta, CA",0.8688888888888889,True,vast_live_api,live,9255a983b7fc0154
2026-06-19T14:00:18.535201+00:00,vast,RTX 5080,"Bulgaria, BG",0.2288888888888889,True,vast_live_api,live,d2ae2975ec467aa6
2026-06-19T14:00:18.535273+00:00,vast,RTX 3090,"California, US",0.08222222222222222,True,vast_live_api,live,6f3a5097f88f4340
2026-06-19T14:00:18.535342+00:00,vast,RTX 4090,"Argentina, AR",0.16888888888888887,True,vast_live_api,live,160f66cfe2a4314c
2026-06-19T14:00:18.535414+00:00,vast,RTX 4080S,"Vietnam, VN",0.08681481481481482,True,vast_live_api,live,5762cc08cbd82150
2026-06-19T14:00:18.535484+00:00,vast,RTX PRO 6000 WS,"Czechia, CZ",1.7339259259259259,True,vast_live_api,live,20e383276a55ddc4
2026-06-19T14:00:18.535554+00:00,vast,RTX 3090,"California, US",0.1622222222222222,True,vast_live_api,live,7924d860ee30c526
2026-06-19T14:00:18.535624+00:00,vast,H200,"France, FR",1.974974533106961,True,vast_live_api,live,29a4e00270ec9eeb
2026-06-19T14:00:18.535694+00:00,vast,RTX 5090,"Czechia, CZ",0.46888888888888886,True,vast_live_api,live,4cbc9f01b4c0b72a
2026-06-19T14:00:18.535765+00:00,vast,H200,"France, FR",3.948658743633277,True,vast_live_api,live,ed77ee2e4c1f38ad
2026-06-19T14:00:18.535838+00:00,vast,RTX 4070S Ti,"Vietnam, VN",0.0802962962962963,True,vast_live_api,live,f59d39c2d590c743
2026-06-19T14:00:18.535908+00:00,vast,RTX PRO 6000 S,"Czechia, CZ",2.2112592592592595,True,vast_live_api,live,f0637075b5920e3e
2026-06-19T14:00:18.535981+00:00,vast,RTX PRO 6000 WS,"Czechia, CZ",0.8699259259259259,True,vast_live_api,live,6b520348493ba58c
2026-06-19T14:00:18.536053+00:00,vast,RTX 4090,"California, US",0.27037037037037037,True,vast_live_api,live,25503f70c710a924
2026-06-19T14:00:18.536123+00:00,vast,RTX PRO 6000 S,"Czechia, CZ",1.1085925925925926,True,vast_live_api,live,9f78f5ebd58bfb38
2026-06-19T14:00:18.536193+00:00,vast,H200,"France, FR",7.896027164685909,True,vast_live_api,live,40aa4fb1a44d44ef
2026-06-19T14:00:18.536264+00:00,vast,RTX PRO 4500,"Lithuania, LT",0.1622222222222222,True,vast_live_api,live,ff57c2da9d588cff
2026-06-19T14:00:18.536333+00:00,vast,RTX 4070S Ti,"Vietnam, VN",0.08222222222222222,True,vast_live_api,live,d3e526d372806abd
2026-06-19T14:00:18.536404+00:00,vast,RTX PRO 6000 S,"Michigan, US",1.1355555555555554,True,vast_live_api,live,1d509e76621ce6ab
2026-06-19T14:00:18.536474+00:00,vast,RTX 4090,", CN",0.13555555555555554,True,vast_live_api,live,f591a3435ba0e272
2026-06-19T14:00:18.536547+00:00,vast,B200,"Alabama, US",3.4444444444444446,True,vast_live_api,live,4e890104292187c9
2026-06-19T14:00:18.536619+00:00,vast,RTX 4080S,"Vietnam, VN",0.09348148148148148,True,vast_live_api,live,54dbaf1bd56cf3fa
2026-06-19T14:00:18.536690+00:00,vast,RTX 5090,"Denmark, DK",1.017037037037037,True,vast_live_api,live,9e26762f934ae2e9
2026-06-19T14:00:18.536763+00:00,vast,B200,"Virginia, US",31.50972222222222,True,vast_live_api,live,f03f89bb66747330
2026-06-19T14:00:18.536837+00:00,vast,RTX 4090,", CN",0.2688888888888889,True,vast_live_api,live,5a6de2dd2ba53984
2026-06-19T14:00:18.536909+00:00,vast,RTX 5070 Ti,"Guangdong, CN",0.24222222222222223,True,vast_live_api,live,85ee1b6253b515f2
2026-06-19T14:00:18.536981+00:00,vast,RTX 5060 Ti,"Florida, US",0.047407407407407405,True,vast_live_api,live,0a991609c7368804
2026-06-19T14:00:18.537052+00:00,vast,H200,"France, FR",15.790764006791173,True,vast_live_api,live,f5449b220c172135
2026-06-19T14:00:18.537125+00:00,vast,B200,"Virginia, US",15.909722222222225,True,vast_live_api,live,ec147ec9a6106679
2026-06-19T14:00:18.537195+00:00,vast,B200,"Virginia, US",8.384722222222221,True,vast_live_api,live,a1fc25d24dec6613
2026-06-19T14:00:18.537268+00:00,vast,RTX PRO 6000 WS,"Switzerland, CH",1.2337777777777779,True,vast_live_api,live,c0974f495362352c
2026-06-19T14:00:18.537340+00:00,vast,RTX PRO 6000 WS,"Bulgaria, BG",2.4074074074074074,True,vast_live_api,live,41d3a70b1258c825
2026-06-19T14:00:18.537410+00:00,vast,RTX 4090,"Argentina, AR",0.33555555555555555,True,vast_live_api,live,95e761298be5520d
2026-06-19T14:00:18.537481+00:00,vast,RTX 3080,"Norway, NO",0.035555555555555556,True,vast_live_api,live,b7d9629ac9fb015f
2026-06-19T14:00:18.537552+00:00,vast,H200 NVL,"Montana, US",1.9435555555555557,True,vast_live_api,live,ac0ed27c97e3e1b5
2026-06-19T14:00:18.537624+00:00,vast,RTX 3090,"California, US",0.32222222222222224,True,vast_live_api,live,0c53572e17ddf3dc
2026-06-19T14:00:18.537722+00:00,vast,L4,"Hong Kong, HK",0.031407407407407405,True,vast_live_api,live,6cc3cb9cd8d45178
2026-06-19T14:00:18.537795+00:00,vast,RTX 5070 Ti,"South Korea, KR",0.13555555555555554,True,vast_live_api,live,7f2a11460b0c157a
2026-06-19T14:00:18.537864+00:00,vast,B200,"Alabama, US",6.881944444444445,True,vast_live_api,live,88bb0dc73806a686
2026-06-19T14:00:18.537934+00:00,vast,RTX PRO 6000 S,"United Kingdom, GB",0.6688888888888889,True,vast_live_api,live,04a8baef84c88c25
2026-06-19T14:00:18.538011+00:00,vast,RTX 4080S,"Vietnam, VN",0.09822222222222221,True,vast_live_api,live,e1e79ae18a4b4405
2026-06-19T14:00:18.538154+00:00,vast,RTX 5090,"Hungary, HU",1.281037037037037,True,vast_live_api,live,dd050963be44c39f
2026-06-19T14:00:18.538221+00:00,vast,RTX PRO 6000 S,"Czechia, CZ",4.416592592592592,True,vast_live_api,live,804a5f76c0f7ec1e
2026-06-19T14:00:18.538267+00:00,vast,B200,"Ohio, US",4.997222222222222,True,vast_live_api,live,e549bc7d99e31209
2026-06-19T14:00:18.538309+00:00,vast,H200 NVL,"Montana, US",15.47688888888889,True,vast_live_api,live,540e8de8e0686494
2026-06-19T14:00:18.538476+00:00,vast,H200 NVL,"Montana, US",7.743555555555557,True,vast_live_api,live,0630329da7cb62e9
2026-06-19T14:00:18.538518+00:00,vast,B200,"Alabama, US",13.756944444444445,True,vast_live_api,live,7c5b26a481ecf632
2026-06-19T14:00:18.538559+00:00,vast,RTX PRO 6000 S,"Michigan, US",4.535555555555556,True,vast_live_api,live,cd5b9d6189f11f6f
2026-06-19T14:00:18.538600+00:00,vast,B300,"Utah, US",12.502083333333333,True,vast_live_api,live,eab4e6fa3197ad02
2026-06-19T14:00:18.538641+00:00,vast,RTX 5090,"Hungary, HU",2.0410370370370368,True,vast_live_api,live,192ad52353d4ed5c
2026-06-19T14:00:18.538683+00:00,vast,B200,"Oregon, US",35.00213675213676,True,vast_live_api,live,deaf8028d213d1ba
2026-06-19T14:00:18.538724+00:00,vast,RTX PRO 5000,", US",1.2807407407407407,True,vast_live_api,live,a4355aaa65ebde42
2026-06-19T14:00:20.334746+00:00,runpod,mixed,global,0.48,True,runpod_live_api,live,7d80e0c18c6aa0e7
2026-06-19T14:00:20.334916+00:00,coreweave,H100,us,2.75,True,unknown,demo,f25fbcc3b6ecec94
2026-06-19T14:00:20.334970+00:00,nebius,H100,eu,2.35,True,unknown,demo,9f15d5c5351da380
2026-06-19T14:00:20.335006+00:00,crusoe,H100,us,2.15,True,unknown,demo,902b0a309cf18cf8
2026-06-19T14:00:21.690683+00:00,vast,Tesla V100,"Washington, US",0.15155555555555555,True,vast_live_api,live,8cc17373f963ea72
2026-06-19T14:00:21.690799+00:00,vast,Tesla V100,"Washington, US",0.0768888888888889,True,vast_live_api,live,95d596d2a5758330
2026-06-19T14:00:21.690868+00:00,vast,Tesla V100,"Washington, US",0.03955555555555556,True,vast_live_api,live,56b6873bd29bda70
2026-06-19T14:00:21.690926+00:00,vast,Tesla V100,"Washington, US",0.042222222222222223,True,vast_live_api,live,3ebb9fe8d068ce2f
2026-06-19T14:00:21.690983+00:00,vast,Tesla V100,"Washington, US",0.18355555555555556,True,vast_live_api,live,43591ad01cb83f83
2026-06-19T14:00:21.691042+00:00,vast,Tesla V100,"Washington, US",0.0768888888888889,True,vast_live_api,live,95d596d2a5758330
2026-06-19T14:00:21.691099+00:00,vast,Tesla V100,"Washington, US",0.02088888888888889,True,vast_live_api,live,26c1591c639bb593
2026-06-19T14:00:21.691157+00:00,vast,Tesla V100,"Washington, US",0.02088888888888889,True,vast_live_api,live,26c1591c639bb593
2026-06-19T14:00:21.691213+00:00,vast,RTX 5090,", CN",0.21355555555555558,True,vast_live_api,live,d5283dca37dfbbc1
2026-06-19T14:00:21.691271+00:00,vast,RTX PRO 6000 WS,"Sweden, SE",0.6841481481481482,True,vast_live_api,live,a4dd64f18042dc55
2026-06-19T14:00:21.691327+00:00,vast,RTX 5090,"Arizona, US",0.44222222222222224,True,vast_live_api,live,b5f76ed1e4a5187a
2026-06-19T14:00:21.691383+00:00,vast,RTX PRO 6000 WS,"Nebraska, US",2.2414814814814816,True,vast_live_api,live,f630e523c81eada4
2026-06-19T14:00:21.691440+00:00,vast,H200,"France, FR",3.948658743633277,True,vast_live_api,live,ed77ee2e4c1f38ad
2026-06-19T14:00:21.691496+00:00,vast,H200,"France, FR",1.974974533106961,True,vast_live_api,live,29a4e00270ec9eeb
2026-06-19T14:00:21.691552+00:00,vast,RTX PRO 6000 WS,"Alberta, CA",0.8688888888888889,True,vast_live_api,live,9255a983b7fc0154
2026-06-19T14:00:21.691610+00:00,vast,H200,"France, FR",7.896027164685909,True,vast_live_api,live,40aa4fb1a44d44ef
2026-06-19T14:00:21.691667+00:00,vast,RTX 3090,"California, US",0.08222222222222222,True,vast_live_api,live,6f3a5097f88f4340
2026-06-19T14:00:21.691733+00:00,vast,RTX 4080S,"Vietnam, VN",0.08681481481481482,True,vast_live_api,live,5762cc08cbd82150
2026-06-19T14:00:21.691792+00:00,vast,RTX PRO 6000 WS,"Czechia, CZ",0.8699259259259259,True,vast_live_api,live,6b520348493ba58c
2026-06-19T14:00:21.691849+00:00,vast,RTX 3090,"California, US",0.1622222222222222,True,vast_live_api,live,7924d860ee30c526
2026-06-19T14:00:21.691904+00:00,vast,RTX PRO 6000 S,"Michigan, US",1.1355555555555554,True,vast_live_api,live,1d509e76621ce6ab
2026-06-19T14:00:21.691951+00:00,vast,RTX PRO 6000 S,"Czechia, CZ",1.1085925925925926,True,vast_live_api,live,9f78f5ebd58bfb38
2026-06-19T14:00:21.692002+00:00,vast,RTX 4090,", CN",0.2688888888888889,True,vast_live_api,live,5a6de2dd2ba53984
2026-06-19T14:00:21.692050+00:00,vast,RTX 4070S Ti,"Vietnam, VN",0.08222222222222222,True,vast_live_api,live,d3e526d372806abd
2026-06-19T14:00:21.692100+00:00,vast,RTX 4080S,"Vietnam, VN",0.09348148148148148,True,vast_live_api,live,54dbaf1bd56cf3fa
2026-06-19T14:00:21.692147+00:00,vast,RTX 4090,", CN",0.13555555555555554,True,vast_live_api,live,f591a3435ba0e272
2026-06-19T14:00:21.692195+00:00,vast,RTX 4090,"Argentina, AR",0.16888888888888887,True,vast_live_api,live,160f66cfe2a4314c
2026-06-19T14:00:21.692245+00:00,vast,RTX PRO 6000 S,"Michigan, US",2.2688888888888887,True,vast_live_api,live,119b8e2c2ba58022
2026-06-19T14:00:21.692293+00:00,vast,RTX PRO 6000 WS,"Czechia, CZ",1.7339259259259259,True,vast_live_api,live,20e383276a55ddc4
2026-06-19T14:00:21.692341+00:00,vast,RTX 5070 Ti,"Guangdong, CN",0.24222222222222223,True,vast_live_api,live,85ee1b6253b515f2
2026-06-19T14:00:21.692388+00:00,vast,RTX PRO 6000 WS,"Czechia, CZ",3.461925925925926,True,vast_live_api,live,831a7c00c4f0a092
2026-06-19T14:00:21.692438+00:00,vast,B200,"Virginia, US",8.184722222222222,True,vast_live_api,live,b823feaf0392a57c
2026-06-19T14:00:21.692485+00:00,vast,B200,"Alabama, US",3.4444444444444446,True,vast_live_api,live,4e890104292187c9
2026-06-19T14:00:21.692532+00:00,vast,RTX 4080S,"Vietnam, VN",0.09822222222222221,True,vast_live_api,live,e1e79ae18a4b4405
2026-06-19T14:00:21.692579+00:00,vast,B200,"Virginia, US",15.909722222222225,True,vast_live_api,live,ec147ec9a6106679
2026-06-19T14:00:21.692627+00:00,vast,RTX PRO 6000 S,"Virginia, US",0.7355555555555556,True,vast_live_api,live,4d814504efe32bee
2026-06-19T14:00:21.692677+00:00,vast,RTX 4090,"California, US",0.27037037037037037,True,vast_live_api,live,25503f70c710a924
2026-06-19T14:00:21.692725+00:00,vast,B200,"Virginia, US",31.50972222222222,True,vast_live_api,live,f03f89bb66747330
2026-06-19T14:00:21.692773+00:00,vast,L4,"Hong Kong, HK",0.031407407407407405,True,vast_live_api,live,6cc3cb9cd8d45178
2026-06-19T14:00:21.692821+00:00,vast,RTX 3080,"Norway, NO",0.035555555555555556,True,vast_live_api,live,b7d9629ac9fb015f
2026-06-19T14:00:21.692871+00:00,vast,RTX 5090,"Denmark, DK",0.9622222222222223,True,vast_live_api,live,4c9567823fe99677
2026-06-19T14:00:21.692919+00:00,vast,RTX PRO 6000 S,"Czechia, CZ",4.416592592592592,True,vast_live_api,live,804a5f76c0f7ec1e
2026-06-19T14:00:21.692966+00:00,vast,B200,"Alabama, US",6.881944444444445,True,vast_live_api,live,88bb0dc73806a686
2026-06-19T14:00:21.693015+00:00,vast,RTX 5090,"Estonia, EE",0.47259259259259256,True,vast_live_api,live,29a3f4f9773082e9
2026-06-19T14:00:21.693061+00:00,vast,B300,"Utah, US",25.002083333333335,True,vast_live_api,live,d66c36da2ca1eb9c
2026-06-19T14:00:21.693111+00:00,vast,RTX 5090,"Denmark, DK",2.03037037037037,True,vast_live_api,live,f7d93ec8e1037cb4
2026-06-19T14:00:21.693158+00:00,vast,RTX 5070 Ti,"South Korea, KR",0.13555555555555554,True,vast_live_api,live,7f2a11460b0c157a
2026-06-19T14:00:21.693209+00:00,vast,H200 NVL,"Montana, US",1.9435555555555557,True,vast_live_api,live,ac0ed27c97e3e1b5
2026-06-19T14:00:21.693257+00:00,vast,B200,"Alabama, US",13.756944444444445,True,vast_live_api,live,7c5b26a481ecf632
2026-06-19T14:00:21.693307+00:00,vast,B200,"Oregon, US",4.289583333333333,True,vast_live_api,live,4166e51f81a48f83
2026-06-19T14:00:21.693354+00:00,vast,RTX 4090,", CN",0.5355555555555556,True,vast_live_api,live,8141efc0c9984f29
2026-06-19T14:00:21.693401+00:00,vast,B200,"Oregon, US",17.502136752136753,True,vast_live_api,live,a7aa008f5c76d88f
2026-06-19T14:00:21.693448+00:00,vast,B300,"Utah, US",12.502083333333333,True,vast_live_api,live,eab4e6fa3197ad02
2026-06-19T14:00:21.693498+00:00,vast,RTX 5090,"Czechia, CZ",0.46888888888888886,True,vast_live_api,live,4cbc9f01b4c0b72a
2026-06-19T14:00:21.693546+00:00,vast,RTX PRO 5000,", US",1.2807407407407407,True,vast_live_api,live,a4355aaa65ebde42
2026-06-19T14:00:21.693594+00:00,vast,RTX 5090,"Hungary, HU",1.3343703703703704,True,vast_live_api,live,2f5ff72e13c7334c
2026-06-19T14:00:21.693642+00:00,vast,RTX 5070 Ti,"Guangdong, CN",0.4822222222222223,True,vast_live_api,live,e73c0b749b3e853c
2026-06-19T14:00:21.693692+00:00,vast,B300,"Utah, US",6.252083333333333,True,vast_live_api,live,65a3cf8e5c43d46a
2026-06-19T14:00:21.693744+00:00,vast,RTX PRO 4500,"South Carolina, US",0.4814814814814815,True,vast_live_api,live,e2fab58f63e2b572
2026-06-19T14:00:21.693794+00:00,vast,RTX 5090,"Puerto Rico, PR",1.522222222222222,True,vast_live_api,live,c0d9f3f436920717
2026-06-19T14:00:21.693841+00:00,vast,RTX 3080,", CN",0.02888888888888889,True,vast_live_api,live,6250fbb80ce666fb
2026-06-19T14:00:21.693888+00:00,vast,B300,"Utah, US",50.00208333333333,True,vast_live_api,live,f489357e0aaf6810
2026-06-19T14:00:21.693935+00:00,vast,RTX 5090,"South Korea, KR",0.21288888888888888,True,vast_live_api,live,747c08070a6863b9
2026-06-19T14:00:21.693984+00:00,vast,H200,"Italy, IT",24.741228070175435,True,vast_live_api,live,db69d11dcbcd68f9
2026-06-19T14:00:22.638861+00:00,runpod,mixed,global,0.48,True,runpod_live_api,live,7d80e0c18c6aa0e7
2026-06-19T14:00:22.639026+00:00,coreweave,H100,us,2.75,True,unknown,demo,f25fbcc3b6ecec94
2026-06-19T14:00:22.639099+00:00,nebius,H100,eu,2.35,True,unknown,demo,9f15d5c5351da380
2026-06-19T14:00:22.639192+00:00,crusoe,H100,us,2.15,True,unknown,demo,902b0a309cf18cf8
2026-06-19T14:00:23.561313+00:00,vast,Tesla V100,"Washington, US",0.15155555555555555,True,vast_live_api,live,8cc17373f963ea72
2026-06-19T14:00:23.561463+00:00,vast,Tesla V100,"Washington, US",0.0768888888888889,True,vast_live_api,live,95d596d2a5758330
2026-06-19T14:00:23.561555+00:00,vast,Tesla V100,"Washington, US",0.0768888888888889,True,vast_live_api,live,95d596d2a5758330
2026-06-19T14:00:23.561635+00:00,vast,Tesla V100,"Washington, US",0.15155555555555555,True,vast_live_api,live,8cc17373f963ea72
2026-06-19T14:00:23.561712+00:00,vast,Tesla V100,"Washington, US",0.042222222222222223,True,vast_live_api,live,3ebb9fe8d068ce2f
2026-06-19T14:00:23.561786+00:00,vast,Tesla V100,"Washington, US",0.03955555555555556,True,vast_live_api,live,56b6873bd29bda70
2026-06-19T14:00:23.561865+00:00,vast,Tesla V100,"Washington, US",0.022222222222222223,True,vast_live_api,live,e5cd5663ff70ff2a
2026-06-19T14:00:23.561940+00:00,vast,Tesla V100,"Washington, US",0.02088888888888889,True,vast_live_api,live,26c1591c639bb593
2026-06-19T14:00:23.562018+00:00,vast,RTX 5090,", CN",0.21355555555555558,True,vast_live_api,live,d5283dca37dfbbc1
2026-06-19T14:00:23.562094+00:00,vast,RTX PRO 6000 WS,"Alberta, CA",0.8688888888888889,True,vast_live_api,live,9255a983b7fc0154
2026-06-19T14:00:23.562258+00:00,vast,RTX 5080,"Bulgaria, BG",0.11555555555555556,True,vast_live_api,live,cd43e0160271949e
2026-06-19T14:00:23.562373+00:00,vast,RTX PRO 6000 WS,"Sweden, SE",0.8014814814814815,True,vast_live_api,live,e348884fa622f4e4
2026-06-19T14:00:23.562494+00:00,vast,RTX 5080,"Bulgaria, BG",0.2288888888888889,True,vast_live_api,live,d2ae2975ec467aa6
2026-06-19T14:00:23.562727+00:00,vast,H200,"France, FR",3.948658743633277,True,vast_live_api,live,ed77ee2e4c1f38ad
2026-06-19T14:00:23.562921+00:00,vast,RTX 4090,"Argentina, AR",0.16888888888888887,True,vast_live_api,live,160f66cfe2a4314c
2026-06-19T14:00:23.563010+00:00,vast,RTX 3090,"California, US",0.08222222222222222,True,vast_live_api,live,6f3a5097f88f4340
2026-06-19T14:00:23.563094+00:00,vast,RTX PRO 6000 WS,"Czechia, CZ",0.8699259259259259,True,vast_live_api,live,6b520348493ba58c
2026-06-19T14:00:23.563175+00:00,vast,H200,"France, FR",1.974974533106961,True,vast_live_api,live,29a4e00270ec9eeb
2026-06-19T14:00:23.563254+00:00,vast,RTX 4080S,"Vietnam, VN",0.08681481481481482,True,vast_live_api,live,5762cc08cbd82150
2026-06-19T14:00:23.563331+00:00,vast,RTX 3090,"California, US",0.1622222222222222,True,vast_live_api,live,7924d860ee30c526
2026-06-19T14:00:23.563415+00:00,vast,RTX PRO 6000 S,"Czechia, CZ",2.2112592592592595,True,vast_live_api,live,f0637075b5920e3e
2026-06-19T14:00:23.563498+00:00,vast,RTX 4090,", CN",0.2688888888888889,True,vast_live_api,live,5a6de2dd2ba53984
2026-06-19T14:00:23.563573+00:00,vast,H200,"France, FR",7.896027164685909,True,vast_live_api,live,40aa4fb1a44d44ef
2026-06-19T14:00:23.563650+00:00,vast,RTX 4070S Ti,"Vietnam, VN",0.08222222222222222,True,vast_live_api,live,d3e526d372806abd
2026-06-19T14:00:23.563724+00:00,vast,RTX 5090,"Vietnam, VN",0.44222222222222224,True,vast_live_api,live,1f302a18169e69b9
2026-06-19T14:00:23.563800+00:00,vast,RTX 4080S,"Vietnam, VN",0.09348148148148148,True,vast_live_api,live,54dbaf1bd56cf3fa
2026-06-19T14:00:23.563879+00:00,vast,RTX PRO 6000 S,"Czechia, CZ",1.1085925925925926,True,vast_live_api,live,9f78f5ebd58bfb38
2026-06-19T14:00:23.563954+00:00,vast,RTX PRO 6000 WS,"Czechia, CZ",3.461925925925926,True,vast_live_api,live,831a7c00c4f0a092
2026-06-19T14:00:23.564064+00:00,vast,RTX 5060 Ti,"Florida, US",0.047407407407407405,True,vast_live_api,live,0a991609c7368804
2026-06-19T14:00:23.564144+00:00,vast,B200,"Virginia, US",15.909722222222225,True,vast_live_api,live,ec147ec9a6106679
2026-06-19T14:00:23.564223+00:00,vast,RTX 5090,"Alberta, CA",0.8029629629629629,True,vast_live_api,live,3a3165bac9267cb5
2026-06-19T14:00:23.564299+00:00,vast,H100 SXM,"France, FR",1.468888888888889,True,vast_live_api,live,f06aa80456c6cea6
2026-06-19T14:00:23.564375+00:00,vast,RTX 4090,"California, US",0.27037037037037037,True,vast_live_api,live,25503f70c710a924
2026-06-19T14:00:23.564451+00:00,vast,RTX 5090,"British Columbia, CA",0.8555555555555556,True,vast_live_api,live,e402fe5c3a4ee40f
2026-06-19T14:00:23.564528+00:00,vast,RTX 4090,", CN",0.13555555555555554,True,vast_live_api,live,f591a3435ba0e272
2026-06-19T14:00:23.564603+00:00,vast,H200,"France, FR",15.790764006791173,True,vast_live_api,live,f5449b220c172135
2026-06-19T14:00:23.564680+00:00,vast,RTX 5090,"Puerto Rico, PR",1.0155555555555553,True,vast_live_api,live,b2625ad7661feb91
2026-06-19T14:00:23.564846+00:00,vast,RTX 3080,"Norway, NO",0.035555555555555556,True,vast_live_api,live,b7d9629ac9fb015f
2026-06-19T14:00:23.565188+00:00,vast,RTX 3090,"California, US",0.32222222222222224,True,vast_live_api,live,0c53572e17ddf3dc
2026-06-19T14:00:23.565267+00:00,vast,B200,"Virginia, US",7.959722222222223,True,vast_live_api,live,71ab1570ff931390
2026-06-19T14:00:23.565363+00:00,vast,B200,"Alabama, US",3.4444444444444446,True,vast_live_api,live,4e890104292187c9
2026-06-19T14:00:23.565508+00:00,vast,RTX PRO 6000 WS,"Hungary, HU",2.6437037037037037,True,vast_live_api,live,6c4291076900caaa
2026-06-19T14:00:23.565618+00:00,vast,RTX 4080S,"Vietnam, VN",0.09822222222222221,True,vast_live_api,live,e1e79ae18a4b4405
2026-06-19T14:00:23.565688+00:00,vast,RTX 5090,"Czechia, CZ",0.46888888888888886,True,vast_live_api,live,4cbc9f01b4c0b72a
2026-06-19T14:00:23.565777+00:00,vast,L4,"Hong Kong, HK",0.031407407407407405,True,vast_live_api,live,6cc3cb9cd8d45178
2026-06-19T14:00:23.566070+00:00,vast,H200 NVL,"Montana, US",1.9435555555555557,True,vast_live_api,live,ac0ed27c97e3e1b5
2026-06-19T14:00:23.566144+00:00,vast,RTX 5090,"Finland, FI",1.9814814814814814,True,vast_live_api,live,2faf1cf48763333c
2026-06-19T14:00:23.566289+00:00,vast,RTX PRO 6000 WS,"South Korea, KR",2.347703703703704,True,vast_live_api,live,d42d77233a78e542
2026-06-19T14:00:23.566357+00:00,vast,RTX 5070 Ti,"Guangdong, CN",0.4822222222222223,True,vast_live_api,live,e73c0b749b3e853c
2026-06-19T14:00:23.566424+00:00,vast,B200,"Virginia, US",31.80972222222223,True,vast_live_api,live,82080bf3b230b963
2026-06-19T14:00:23.566492+00:00,vast,RTX 4090,", CN",0.5355555555555556,True,vast_live_api,live,8141efc0c9984f29
2026-06-19T14:00:23.566558+00:00,vast,RTX PRO 6000 S,"Michigan, US",4.535555555555556,True,vast_live_api,live,cd5b9d6189f11f6f
2026-06-19T14:00:23.566632+00:00,vast,B200,"Alabama, US",6.881944444444445,True,vast_live_api,live,88bb0dc73806a686
2026-06-19T14:00:23.566698+00:00,vast,B200,"Oregon, US",35.00213675213676,True,vast_live_api,live,deaf8028d213d1ba
2026-06-19T14:00:23.566766+00:00,vast,RTX 5070 Ti,"South Korea, KR",0.13555555555555554,True,vast_live_api,live,7f2a11460b0c157a
2026-06-19T14:00:23.566832+00:00,vast,B300,"Utah, US",25.002083333333335,True,vast_live_api,live,d66c36da2ca1eb9c
2026-06-19T14:00:23.566896+00:00,vast,B300,"Utah, US",6.252083333333333,True,vast_live_api,live,65a3cf8e5c43d46a
2026-06-19T14:00:23.566962+00:00,vast,RTX PRO 6000 S,", US",1.2688888888888887,True,vast_live_api,live,24021e9088360fbe
2026-06-19T14:00:23.567093+00:00,vast,H200 NVL,"Montana, US",15.47688888888889,True,vast_live_api,live,540e8de8e0686494
2026-06-19T14:00:23.567164+00:00,vast,B200,"Ohio, US",9.984722222222222,True,vast_live_api,live,51f0046c3087af70
2026-06-19T14:00:23.567229+00:00,vast,B200,"Alabama, US",27.506944444444443,True,vast_live_api,live,38d3ec5ac1b0202c
2026-06-19T14:00:23.567296+00:00,vast,RTX 5090,"Hungary, HU",1.3343703703703704,True,vast_live_api,live,2f5ff72e13c7334c
2026-06-19T14:00:23.567362+00:00,vast,RTX 5090,"South Korea, KR",0.21288888888888888,True,vast_live_api,live,747c08070a6863b9
2026-06-19T14:00:23.567468+00:00,vast,RTX 5070 Ti,"Vietnam, VN",0.23577777777777775,True,vast_live_api,live,492ded9ee29450d8
2026-06-19T14:00:24.213030+00:00,runpod,mixed,global,0.48,True,runpod_live_api,live,7d80e0c18c6aa0e7
2026-06-19T14:00:24.213151+00:00,coreweave,H100,us,2.75,True,unknown,demo,f25fbcc3b6ecec94
2026-06-19T14:00:24.213218+00:00,nebius,H100,eu,2.35,True,unknown,demo,9f15d5c5351da380
2026-06-19T14:00:24.213265+00:00,crusoe,H100,us,2.15,True,unknown,demo,902b0a309cf18cf8
